<beans:beans xmlns="http://www.springframework.org/schema/security"
	xmlns:beans="http://www.springframework.org/schema/beans" xmlns:xsi="http://www.w3.org/2001/XMLSchema-instance"
	xsi:schemaLocation="http://www.springframework.org/schema/beans
    http://www.springframework.org/schema/beans/spring-beans-4.0.xsd
    http://www.springframework.org/schema/security
    http://www.springframework.org/schema/security/spring-security-4.0.xsd">

	<http auto-config="true" use-expressions="true">
		<intercept-url pattern="/welcome/**" access="permitAll" />
		<intercept-url pattern="/admin*" access="hasRole('ROLE_ADMIN')" />
		<intercept-url pattern="/vendor*" access="hasRole('ROLE_USER')" />
		<form-login login-page="/login" default-target-url="/admin"
			authentication-failure-url="/loginError" />
		<logout logout-success-url="/logout" delete-cookies="JSESSIONID" invalidate-session="true" logout-url="/j_spring_security_logout" />
		<!-- <logout logout-success-url="/login" delete-cookies="JSESSIONID" invalidate-session="true" logout-url="/logout" /> -->
		<csrf disabled="true" />
	</http>

	<authentication-manager>
		<authentication-provider>
			<jdbc-user-service data-source-ref="dataSource"
				users-by-username-query="select user_name, password, enabled from USERS where user_name = ?"
				authorities-by-username-query="select u.user_name, ur.authority from USERS u, USERS_ROLES ur where u.user_id = ur.user_id and u.user_name = ? " />
		</authentication-provider>
	</authentication-manager>

	<beans:bean id="dataSource"
		class="org.springframework.jdbc.datasource.DriverManagerDataSource">
		<beans:property name="driverClassName" value="com.mysql.jdbc.Driver" />
		<beans:property name="url"
			value="jdbc:mysql://localhost:3306/auth_wing" />
		<beans:property name="username" value="root" />
		<beans:property name="password" value="root" />
	</beans:bean>

</beans:beans>
